[{"family":"MaterialIcons","fonts":[{"asset":"fonts/MaterialIcons-Regular.otf"}]},{"family":"Rubik","fonts":[{"weight":400,"asset":"assets/fonts/Rubik-Regular.ttf"},{"weight":500,"asset":"assets/fonts/Rubik-Medium.ttf"},{"weight":700,"asset":"assets/fonts/Rubik-Bold.ttf"}]},{"family":"Poppins","fonts":[{"weight":400,"asset":"assets/fonts/Poppins-Regular.ttf"}]},{"family":"Roboto","fonts":[{"weight":400,"asset":"assets/fonts/Roboto-Regular.ttf"}]},{"family":"packages/cupertino_icons/CupertinoIcons","fonts":[{"asset":"packages/cupertino_icons/assets/CupertinoIcons.ttf"}]}]